campaign_id,channel,objective,impressions,clicks,spend,last_touch_conversions,last_touch_revenue
SEM_BRAND_01,Paid Search,Conversion,300926,11440,14505.44,936,102321.96
SEM_GENERIC_PROD_02,Paid Search,Conversion,183942,6816,22044.06,720,95973.44
SEM_COMPETITOR_03,Paid Search,Consideration,160998,9982,144323.59,172,13760.0
SOC_PROSP_LOOKALIKE_01,Social Media,Awareness,575985,8192,15116.51,336,33700.64
SOC_RETARG_DPA_02,Social Media,Conversion,660782,12740,32870.43,754,83906.94
SOC_INFLUENCER_BOOST_03,Social Media,Awareness,882162,12400,24579.1,675,57858.0
DSP_PROG_AWARE_01,Display,Awareness,1970170,15138,19554.21,127,8890.0
DSP_RETARG_ABANDON_02,Display,Conversion,2465356,8704,17321.45,272,30002.24
EML_NEWSLETTER_WKLY_01,Email,Retention,125161,5544,843.57,728,71971.48
EML_ABANDONED_CART_02,Email,Conversion,126806,5016,988.09,456,58773.6
EML_WINBACK_90D_03,Email,Retention,114716,4641,859.92,399,38692.71
SEO_ORGANIC_DIRECT,Organic Search,Baseline,374233,21616,0.0,1148,117625.2
