campaign_id,channel,spend,revenue,ROAS,CAC,CVR (%),Z_Score,Health_Status,Severity,Diagnosis,Recommended_Action
SEM_BRAND_01,Paid Search,14505.44,102321.96,7.05,15.5,8.18,-0.41,TOP_PERFORMER,OPPORTUNITY,High ROAS (7.05x) well above target. Efficient customer acquisition (CAC $15.50).,SCALE BUDGET (+20% to +40%): Channel has headroom before marginal return diminishes.
SEM_GENERIC_PROD_02,Paid Search,22044.06,95973.44,4.35,30.62,10.56,-0.5,TOP_PERFORMER,OPPORTUNITY,High ROAS (4.35x) well above target. Efficient customer acquisition (CAC $30.62).,SCALE BUDGET (+20% to +40%): Channel has headroom before marginal return diminishes.
SEM_COMPETITOR_03,Paid Search,144323.59,13760.0,0.1,839.09,1.72,-0.64,CRITICAL,P1_URGENT,Negative ROI: ROAS (0.10x) is below 1.0x break-even. CAC is $839.09.,"IMMEDIATE PAUSE: Re-evaluate keyword match types, negative keywords, or landing page."
SOC_PROSP_LOOKALIKE_01,Social Media,15116.51,33700.64,2.23,44.99,4.1,-0.57,HEALTHY,INFO,Performance within target thresholds,Maintain current spend trajectory & optimize creative
SOC_RETARG_DPA_02,Social Media,32870.43,83906.94,2.55,43.59,5.92,-0.56,HEALTHY,INFO,Performance within target thresholds,Maintain current spend trajectory & optimize creative
SOC_INFLUENCER_BOOST_03,Social Media,24579.1,57858.0,2.35,36.41,5.44,-0.56,HEALTHY,INFO,Performance within target thresholds,Maintain current spend trajectory & optimize creative
DSP_PROG_AWARE_01,Display,19554.21,8890.0,0.45,153.97,0.84,-0.63,CRITICAL,P1_URGENT,Negative ROI: ROAS (0.45x) is below 1.0x break-even. CAC is $153.97.,"IMMEDIATE PAUSE: Re-evaluate keyword match types, negative keywords, or landing page."
DSP_RETARG_ABANDON_02,Display,17321.45,30002.24,1.73,63.68,3.12,-0.58,WARNING,P2_MEDIUM,Sub-target ROAS: (1.73x vs target 2.2x). CVR is 3.12%.,REDUCE BUDGET (-30%): Shift budget to high-performing campaigns and refine audience.
EML_NEWSLETTER_WKLY_01,Email,843.57,71971.48,85.32,1.16,13.13,2.22,TOP_PERFORMER,OPPORTUNITY,High ROAS (85.32x) well above target. Efficient customer acquisition (CAC $1.16).,SCALE BUDGET (+20% to +40%): Channel has headroom before marginal return diminishes.
EML_ABANDONED_CART_02,Email,988.09,58773.6,59.48,2.17,9.09,1.35,TOP_PERFORMER,OPPORTUNITY,High ROAS (59.48x) well above target. Efficient customer acquisition (CAC $2.17).,SCALE BUDGET (+20% to +40%): Channel has headroom before marginal return diminishes.
EML_WINBACK_90D_03,Email,859.92,38692.71,45.0,2.16,8.6,0.87,TOP_PERFORMER,OPPORTUNITY,High ROAS (45.00x) well above target. Efficient customer acquisition (CAC $2.16).,SCALE BUDGET (+20% to +40%): Channel has headroom before marginal return diminishes.
SEO_ORGANIC_DIRECT,Organic Search,0.0,117625.2,0.0,0.0,5.31,0.0,BASELINE,INFO,Unpaid Organic Baseline,Monitor search ranking & brand organic velocity
